City_ID,City,Country,Date,Lat,Lng,Max Temp,Humidity,Cloudiness,Wind Speed
0,Pevek,RU,2021-01-17 03:32:35,69.7008,170.3133,-21.59,84,28,2.48
1,Oussouye,SN,2021-01-17 03:33:39,12.485,-16.5469,73.4,68,0,9.22
2,Bluff,NZ,2021-01-17 03:33:39,-46.6,168.3333,58.23,71,100,17.36
3,Hermanus,ZA,2021-01-17 03:31:51,-34.4187,19.2345,57.0,95,0,4.76
4,Wahpeton,US,2021-01-17 03:33:39,46.2652,-96.6059,19.99,93,90,3.44
5,Okha,RU,2021-01-17 03:33:39,53.5739,142.9478,-12.6,86,14,15.37
6,Punta Arenas,CL,2021-01-17 03:31:48,-53.15,-70.9167,50.0,76,0,14.97
7,Arlit,NE,2021-01-17 03:33:39,18.7369,7.3853,66.34,22,0,7.94
8,Jacareacanga,BR,2021-01-17 03:33:40,-6.2222,-57.7528,73.9,89,29,1.52
9,Rikitea,PF,2021-01-17 03:33:40,-23.1203,-134.9692,79.21,68,41,7.25
10,Arraial Do Cabo,BR,2021-01-17 03:33:40,-22.9661,-42.0278,75.43,84,27,29.15
11,Atasu,KZ,2021-01-17 03:33:40,48.6814,71.6433,6.19,95,67,4.34
12,Marienburg,PL,2021-01-17 03:33:40,54.0359,19.0266,3.99,100,6,2.15
13,Upernavik,GL,2021-01-17 03:33:40,72.7868,-56.1549,10.27,82,0,6.4
14,Bredasdorp,ZA,2021-01-17 03:33:40,-34.5322,20.0403,62.6,82,0,4.61
15,Ushuaia,AR,2021-01-17 03:33:40,-54.8,-68.3,50.0,76,40,17.27
16,Rio Gallegos,AR,2021-01-17 03:33:40,-51.6226,-69.2181,55.4,76,75,10.36
17,Busselton,AU,2021-01-17 03:33:40,-33.65,115.3333,84.0,34,0,8.01
18,Eskisehir,TR,2021-01-17 03:33:40,39.7767,30.5206,28.4,86,75,11.5
19,Sao Filipe,CV,2021-01-17 03:32:42,14.8961,-24.4956,71.42,72,90,10.38
20,Lagoa,PT,2021-01-17 03:33:40,39.05,-27.9833,60.85,96,100,18.7
21,Gummidipundi,IN,2021-01-17 03:33:40,13.4,80.15,77.0,78,20,2.3
22,Mancio Lima,BR,2021-01-17 03:33:40,-7.6142,-72.8958,75.36,94,100,2.75
23,Codrington,AU,2021-01-17 03:33:40,-38.2667,141.9667,62.74,57,22,14.54
24,Albany,US,2021-01-17 03:31:56,42.6001,-73.9662,36.0,69,100,9.06
25,Cerete,CO,2021-01-17 03:31:58,8.8848,-75.7905,74.89,94,19,5.59
26,Mataura,NZ,2021-01-17 03:33:40,-46.1927,168.8643,57.99,89,98,5.26
27,Atuona,PF,2021-01-17 03:33:41,-9.8,-139.0333,77.88,76,0,13.89
28,Kamaishi,JP,2021-01-17 03:33:41,39.2667,141.8833,35.8,76,100,13.33
29,Hambantota,LK,2021-01-17 03:33:41,6.1241,81.1185,77.0,100,75,4.61
30,Moose Factory,CA,2021-01-17 03:28:50,51.2585,-80.6094,12.2,79,90,9.22
31,Yellowknife,CA,2021-01-17 03:33:41,62.456,-114.3525,-4.0,84,90,5.75
32,Kurilsk,RU,2021-01-17 03:33:41,45.2333,147.8833,18.64,93,99,17.9
33,Qui Nhon,VN,2021-01-17 03:33:41,13.7667,109.2333,72.63,80,58,17.83
34,Almeirim,BR,2021-01-17 03:33:41,-1.5233,-52.5817,76.35,79,10,4.16
35,Flinders,AU,2021-01-17 03:33:41,-34.5833,150.8552,75.2,46,21,9.22
36,Ilhabela,BR,2021-01-17 03:33:41,-23.7781,-45.3581,77.47,76,100,4.43
37,Otofuke,JP,2021-01-17 03:33:41,42.9917,143.2003,15.8,86,75,3.44
38,Longyearbyen,SJ,2021-01-17 03:33:41,78.2186,15.6401,21.2,79,75,11.5
39,Saldanha,ZA,2021-01-17 03:33:41,-33.0117,17.9442,59.0,82,0,1.14
40,Souillac,MU,2021-01-17 03:33:41,-20.5167,57.5167,80.6,78,40,8.05
41,Asau,RO,2021-01-17 03:33:41,46.4333,26.4,8.01,92,0,4.61
42,Chandla,IN,2021-01-17 03:33:41,25.0833,80.2,48.2,93,40,2.3
43,Pasighat,IN,2021-01-17 03:33:41,28.0667,95.3333,74.25,38,5,2.39
44,Tivaouane,SN,2021-01-17 03:33:41,14.9515,-16.8129,71.6,46,96,10.36
45,Hobart,AU,2021-01-17 03:29:57,-42.8794,147.3294,66.0,48,75,21.85
46,Harper,LR,2021-01-17 03:33:41,4.375,-7.7169,77.58,83,6,6.13
47,Ransang,PH,2021-01-17 03:33:41,8.9603,117.5828,81.97,74,100,2.04
48,Bambous Virieux,MU,2021-01-17 03:33:42,-20.3428,57.7575,82.99,78,40,8.05
49,Severo-Kurilsk,RU,2021-01-17 03:33:42,50.6789,156.125,33.26,92,100,2.98
50,Tiksi,RU,2021-01-17 03:33:42,71.6872,128.8694,-19.52,88,100,9.08
51,Tarko-Sale,RU,2021-01-17 03:33:42,64.9225,77.785,-2.42,92,100,18.68
52,Puruandiro,MX,2021-01-17 03:33:42,20.0833,-101.5,55.99,81,99,1.01
53,Neyshabur,IR,2021-01-17 03:33:42,36.2133,58.7958,42.75,51,47,2.73
54,Faanui,PF,2021-01-17 03:31:56,-16.4833,-151.75,81.46,78,0,12.66
55,Port Elizabeth,ZA,2021-01-17 03:33:42,-33.918,25.5701,68.0,77,90,13.8
56,Ponta Do Sol,PT,2021-01-17 03:32:38,32.6667,-17.1,54.0,69,49,1.99
57,Constitucion,CL,2021-01-17 03:28:45,-35.3333,-72.4167,59.49,67,0,11.92
58,Santa Vitoria Do Palmar,BR,2021-01-17 03:33:42,-33.5189,-53.3681,68.09,92,68,7.27
59,Airai,TL,2021-01-17 03:32:27,-8.9266,125.4092,66.15,100,100,0.54
60,San Patricio,US,2021-01-17 03:33:42,28.017,-97.5169,53.01,66,1,8.05
61,Kodiak,US,2021-01-17 03:32:36,57.79,-152.4072,37.4,100,90,8.88
62,Kavieng,PG,2021-01-17 03:33:42,-2.5744,150.7967,84.74,72,25,17.92
63,Anloga,GH,2021-01-17 03:33:42,5.7947,0.8973,80.6,89,40,4.61
64,Ormara,PK,2021-01-17 03:33:42,25.2088,64.6357,68.94,50,0,6.91
65,Coahuayana,MX,2021-01-17 03:33:42,18.7333,-103.6833,70.93,85,54,3.27
66,Atherton,GB,2021-01-17 03:33:42,53.5237,-2.4935,43.0,76,75,5.01
67,Kruisfontein,ZA,2021-01-17 03:33:42,-34.0033,24.7314,66.99,76,11,1.99
68,New Norfolk,AU,2021-01-17 03:31:47,-42.7826,147.0587,66.0,58,99,8.99
69,Shahr-E Babak,IR,2021-01-17 03:33:43,30.1165,55.1186,40.42,64,0,7.56
70,Cabo San Lucas,MX,2021-01-17 03:30:13,22.8909,-109.9124,66.2,63,1,4.61
71,Khatanga,RU,2021-01-17 03:31:57,71.9667,102.5,-25.04,86,2,8.72
72,Torbay,CA,2021-01-17 03:33:43,47.6666,-52.7314,33.01,100,90,17.27
73,Puerto Ayora,EC,2021-01-17 03:33:43,-0.7393,-90.3518,73.99,96,66,1.99
74,East London,ZA,2021-01-17 03:33:43,-33.0153,27.9116,68.0,73,0,10.36
75,Beringovskiy,RU,2021-01-17 03:33:43,63.05,179.3167,-8.37,90,100,11.72
76,Tiarei,PF,2021-01-17 03:33:43,-17.5333,-149.3333,86.0,62,40,12.66
77,Vaini,TO,2021-01-17 03:33:43,-21.2,-175.2,87.8,74,75,10.36
78,Saint-Philippe,RE,2021-01-17 03:33:43,-21.3585,55.7679,82.4,69,0,4.61
79,Price,US,2021-01-17 03:33:43,39.5994,-110.8107,37.4,48,1,11.5
80,Sechura,PE,2021-01-17 03:33:43,-5.5569,-80.8222,72.77,77,99,11.07
81,Saint George,US,2021-01-17 03:29:52,37.1041,-113.5841,53.6,32,1,11.5
82,Chuy,UY,2021-01-17 03:33:43,-33.6971,-53.4616,67.59,94,74,7.25
83,Tuktoyaktuk,CA,2021-01-17 03:32:12,69.4541,-133.0374,-2.2,84,90,5.75
84,Dikson,RU,2021-01-17 03:33:43,73.5069,80.5464,-29.38,84,3,10.76
85,Alugan,PH,2021-01-17 03:33:43,12.2188,125.4808,82.18,74,98,11.95
86,Novouzensk,RU,2021-01-17 03:33:43,50.4592,48.1431,1.35,93,43,8.88
87,Tuatapere,NZ,2021-01-17 03:33:43,-46.1333,167.6833,57.69,78,97,8.95
88,Murray Bridge,AU,2021-01-17 03:33:43,-35.1167,139.2667,64.99,71,51,16.69
89,Kalaleh,IR,2021-01-17 03:33:44,37.3807,55.4916,41.0,100,90,3.4
90,Sitka,US,2021-01-17 03:33:44,57.0531,-135.33,44.6,76,90,18.41
91,Praia Da Vitoria,PT,2021-01-17 03:33:44,38.7333,-27.0667,62.6,94,75,24.14
92,Narsaq,GL,2021-01-17 03:33:44,60.9167,-46.05,21.2,49,90,4.61
93,Yavaros,MX,2021-01-17 03:33:44,26.7,-109.5167,64.99,55,0,5.03
94,Yulara,AU,2021-01-17 03:33:44,-25.2406,130.9889,84.2,20,0,12.66
95,Qaanaaq,GL,2021-01-17 03:33:44,77.484,-69.3632,4.03,82,43,4.68
96,Kahului,US,2021-01-17 03:33:44,20.8947,-156.47,84.2,48,20,11.5
97,Jamestown,US,2021-01-17 03:33:44,42.097,-79.2353,30.0,86,90,18.41
98,Mount Gambier,AU,2021-01-17 03:33:44,-37.8333,140.7667,68.0,45,10,13.8
99,Hilo,US,2021-01-17 03:33:44,19.7297,-155.09,78.8,61,1,10.36
100,Bandarbeyla,SO,2021-01-17 03:33:44,9.4942,50.8122,73.29,72,0,10.56
101,Kaitangata,NZ,2021-01-17 03:33:44,-46.2817,169.8464,56.61,87,80,5.59
102,Peniche,PT,2021-01-17 03:33:44,39.3558,-9.3811,43.0,77,0,1.99
103,Fountain,US,2021-01-17 03:33:44,38.6822,-104.7008,33.8,60,1,6.91
104,Cape Town,ZA,2021-01-17 03:33:44,-33.9258,18.4232,64.0,88,0,9.22
105,Guerrero Negro,MX,2021-01-17 03:33:44,27.9769,-114.0611,62.76,57,0,7.92
106,Victor Harbor,AU,2021-01-17 03:33:44,-35.5667,138.6167,71.01,88,75,1.99
107,Lavrentiya,RU,2021-01-17 03:33:44,65.5833,-171.0,-10.5,84,86,11.05
108,Avarua,CK,2021-01-17 03:33:45,-21.2078,-159.775,84.2,65,20,4.61
109,Huty,UA,2021-01-17 03:33:45,50.1332,35.3439,-0.13,92,0,5.01
110,Clyde River,CA,2021-01-17 03:33:45,70.4692,-68.5914,3.2,92,90,27.63
111,Chokurdakh,RU,2021-01-17 03:33:45,70.6333,147.9167,-19.25,87,100,11.72
112,Georgetown,MY,2021-01-17 03:32:24,5.4112,100.3354,84.2,74,20,8.05
113,Soubre,CI,2021-01-17 03:33:45,5.7856,-6.6083,71.83,94,5,1.63
114,Port Alfred,ZA,2021-01-17 03:33:45,-33.5906,26.891,64.0,94,31,4.0
115,Lata,PT,2021-01-17 03:33:45,40.1629,-8.3327,45.0,100,0,1.14
116,Cabedelo,BR,2021-01-17 03:33:45,-6.9811,-34.8339,75.2,88,20,3.44
117,Porto Novo,BJ,2021-01-17 03:33:45,6.4965,2.6036,80.6,89,40,2.3
118,Kapaa,US,2021-01-17 03:33:45,22.0752,-159.319,77.0,78,1,8.1
119,Inhambane,MZ,2021-01-17 03:30:34,-23.865,35.3833,79.63,89,100,6.91
120,Ucluelet,CA,2021-01-17 03:33:28,48.9329,-125.5528,46.0,89,100,1.01
121,Ust-Tsilma,RU,2021-01-17 03:33:45,65.441,52.1498,-13.18,88,51,2.95
122,Assiniboia,CA,2021-01-17 03:33:45,49.6334,-105.9845,23.0,80,0,16.11
123,Husavik,IS,2021-01-17 03:33:45,66.0449,-17.3389,32.0,100,20,3.44
124,Keti Bandar,PK,2021-01-17 03:33:45,24.1447,67.4497,68.65,20,0,6.11
125,Abu Dhabi,AE,2021-01-17 03:31:01,24.4667,54.3667,57.2,88,0,4.61
126,Salitral,PE,2021-01-17 03:33:45,-4.8572,-80.6811,75.78,69,100,8.79
127,Tasiilaq,GL,2021-01-17 03:32:39,65.6145,-37.6368,30.2,93,75,1.14
128,Vallenar,CL,2021-01-17 03:29:01,-28.5708,-70.7581,62.31,70,0,3.02
129,Methoni,GR,2021-01-17 03:33:45,36.8197,21.7049,42.01,87,66,3.44
130,Paris,FR,2021-01-17 03:33:34,48.8534,2.3488,39.2,100,75,9.22
131,Imari,JP,2021-01-17 03:33:46,33.2667,129.8833,42.8,49,75,21.85
132,Tuy Hoa,VN,2021-01-17 03:30:27,13.0833,109.3,73.85,79,60,16.35
133,Luderitz,NA,2021-01-17 03:33:46,-26.6481,15.1594,61.65,78,0,9.35
134,Damietta,EG,2021-01-17 03:33:46,31.4165,31.8133,55.4,67,0,14.97
135,Butaritari,KI,2021-01-17 03:33:46,3.0707,172.7902,81.14,75,63,18.07
136,Cao Bang,VN,2021-01-17 03:30:44,22.6667,106.25,52.66,59,100,8.95
137,Arman,RU,2021-01-17 03:33:46,59.7,150.1667,-11.6,81,100,11.99
138,Cidreira,BR,2021-01-17 03:33:46,-30.1811,-50.2056,75.7,91,100,12.3
139,Coolum Beach,AU,2021-01-17 03:33:46,-26.5333,153.1,80.01,85,96,8.77
140,Kropotkin,RU,2021-01-17 03:33:46,45.4375,40.5756,21.0,94,100,17.72
141,Khlung,TH,2021-01-17 03:33:46,12.4547,102.2214,87.01,74,20,2.3
142,Seoul,KR,2021-01-17 03:30:05,37.5683,126.9778,26.6,28,0,2.3
143,Roald,NO,2021-01-17 03:33:46,62.5833,6.1333,35.6,51,20,18.41
144,Kalabo,ZM,2021-01-17 03:33:46,-14.97,22.6814,65.19,81,100,4.14
145,Nhulunbuy,AU,2021-01-17 03:33:46,-12.2333,136.7667,84.2,84,40,11.5
146,Shakawe,BW,2021-01-17 03:33:46,-18.3667,21.85,67.73,88,100,3.02
147,Altamira,BR,2021-01-17 03:33:46,-3.2033,-52.2064,72.75,89,100,1.63
148,Ust-Kuyga,RU,2021-01-17 03:33:46,70.0167,135.6,-18.26,86,100,4.32
149,Bathsheba,BB,2021-01-17 03:33:47,13.2167,-59.5167,78.8,69,20,16.11
150,Hamilton,US,2021-01-17 03:33:15,39.1834,-84.5333,35.01,86,90,9.22
151,Barrow,US,2021-01-17 03:30:03,71.2906,-156.7887,-0.4,78,90,19.57
152,Esperance,AU,2021-01-17 03:33:10,-33.8667,121.9,73.4,38,3,12.66
153,Lebu,CL,2021-01-17 03:33:47,-37.6167,-73.65,57.02,84,0,18.66
154,Dunedin,NZ,2021-01-17 03:30:05,-45.8742,170.5036,72.0,56,45,4.0
155,Wagar,SD,2021-01-17 03:33:47,16.1525,36.2032,63.27,90,26,8.48
156,North Bend,US,2021-01-17 03:33:47,43.4065,-124.2243,51.01,93,90,4.61
157,Soyo,AO,2021-01-17 03:33:47,-6.1349,12.3689,78.17,80,60,5.03
158,Genhe,CN,2021-01-17 03:33:47,50.7833,121.5167,-11.61,81,98,2.17
159,Leh,IN,2021-01-17 03:33:15,34.1667,77.5833,15.21,56,0,2.06
160,Kloulklubed,PW,2021-01-17 03:33:47,7.0419,134.2556,84.2,79,75,9.22
161,Mandalgovi,MN,2021-01-17 03:33:47,45.7625,106.2708,8.87,78,44,11.48
162,Pesochnyy,RU,2021-01-17 03:33:47,60.123,30.164,14.0,85,90,8.95
163,Shizunai,JP,2021-01-17 03:33:47,42.3339,142.3669,29.73,90,100,17.16
164,Portland,US,2021-01-17 03:30:04,45.5234,-122.6762,45.0,81,75,4.61
165,Klyuchi,RU,2021-01-17 03:33:47,52.2667,79.1667,17.53,94,100,13.27
166,Iqaluit,CA,2021-01-17 03:33:47,63.7506,-68.5145,-5.8,71,75,4.94
167,Voh,NC,2021-01-17 03:33:47,-20.9667,164.7,83.41,80,100,8.84
168,Fukue,JP,2021-01-17 03:33:47,32.6881,128.8419,39.2,70,75,16.11
169,Namibe,AO,2021-01-17 03:33:48,-15.1961,12.1522,71.44,76,65,4.88
170,Bengkulu,ID,2021-01-17 03:33:48,-3.8004,102.2655,85.24,56,100,3.76
171,Ullapool,GB,2021-01-17 03:33:48,57.8987,-5.1604,42.01,56,97,8.99
172,Carnarvon,AU,2021-01-17 03:33:48,-24.8667,113.6333,98.6,44,75,13.8
173,Kumbhraj,IN,2021-01-17 03:33:48,24.3667,77.05,70.05,32,0,8.01
174,Tura,IN,2021-01-17 03:33:48,25.5198,90.2201,71.96,41,61,0.72
175,Dingle,PH,2021-01-17 03:33:48,10.9995,122.6711,80.2,85,96,9.62
176,Fairview,US,2021-01-17 03:30:11,40.8126,-73.999,41.0,56,1,3.44
177,Podporozhye,RU,2021-01-17 03:33:48,60.9112,34.1706,-0.89,93,60,4.0
178,Yeppoon,AU,2021-01-17 03:33:48,-23.1333,150.7333,89.6,43,86,9.22
179,Sayat,TM,2021-01-17 03:33:48,38.7839,63.8803,35.6,80,0,2.3
180,Sorong,ID,2021-01-17 03:33:48,-0.8833,131.25,82.06,77,100,8.25
181,Rio Grande,BR,2021-01-17 03:33:48,-32.035,-52.0986,73.99,91,45,11.74
182,Kollo,NE,2021-01-17 03:33:48,13.3043,2.339,69.8,23,0,5.75
183,Tokuyama,JP,2021-01-17 03:33:48,34.05,131.8167,46.4,34,75,16.11
184,Nanuque,BR,2021-01-17 03:33:48,-17.8392,-40.3539,69.73,91,25,1.59
185,Lompoc,US,2021-01-17 03:31:51,34.6391,-120.4579,66.0,59,0,11.5
186,Vardo,NO,2021-01-17 03:33:17,70.3705,31.1107,35.22,85,99,18.79
187,Palaikastron,GR,2021-01-17 03:33:48,35.2,26.25,51.01,71,86,23.0
188,Rawson,AR,2021-01-17 03:28:55,-43.3002,-65.1023,58.12,59,0,12.1
189,Itoman,JP,2021-01-17 03:33:48,26.1247,127.6694,60.8,63,75,27.63
190,Leningradskiy,RU,2021-01-17 03:33:49,69.3833,178.4167,-22.45,85,100,4.14
191,Pont-Audemer,FR,2021-01-17 03:33:49,49.35,0.5167,44.6,81,90,10.36
192,Los Llanos De Aridane,ES,2021-01-17 03:31:54,28.6585,-17.9182,62.6,59,90,10.36
193,Atambua,ID,2021-01-17 03:33:49,-9.1061,124.8925,81.18,77,73,6.6
194,Sao Gabriel Da Cachoeira,BR,2021-01-17 03:33:49,-0.1303,-67.0892,73.27,97,25,0.56
195,Viedma,AR,2021-01-17 03:33:49,-40.8135,-62.9967,56.41,71,6,8.77
196,Rocha,UY,2021-01-17 03:29:26,-34.4833,-54.3333,66.96,94,100,2.68
197,Cap Malheureux,MU,2021-01-17 03:33:06,-19.9842,57.6142,82.99,75,95,8.01
198,Mahebourg,MU,2021-01-17 03:32:00,-20.4081,57.7,80.6,78,40,8.05
199,Guhagar,IN,2021-01-17 03:33:49,17.4842,73.1929,81.86,50,25,3.8
200,Kavaratti,IN,2021-01-17 03:33:49,10.5669,72.642,81.66,76,0,7.29
201,Bow Island,CA,2021-01-17 03:33:49,49.8668,-111.3684,26.6,74,100,4.61
202,Paamiut,GL,2021-01-17 03:33:49,61.994,-49.6678,26.89,97,100,26.66
203,Stabat,ID,2021-01-17 03:33:49,3.761,98.4513,84.2,84,20,4.61
204,Grindavik,IS,2021-01-17 03:33:49,63.8424,-22.4338,35.6,80,40,21.85
205,Kormilovka,RU,2021-01-17 03:33:50,55.0026,74.1028,15.8,86,75,15.66
206,Hithadhoo,MV,2021-01-17 03:32:23,-0.6,73.0833,81.12,74,97,9.62
207,Derzhavinsk,KZ,2021-01-17 03:33:50,51.1,66.3167,9.93,95,53,14.83
208,Nikolskoye,RU,2021-01-17 03:33:50,59.7035,30.7861,14.0,85,90,8.95
209,Natchez,US,2021-01-17 03:33:50,31.5604,-91.4032,39.2,75,1,3.56
210,Mehran,IR,2021-01-17 03:33:50,33.1222,46.1646,41.0,70,75,2.3
211,Dagda,LV,2021-01-17 03:33:50,56.0951,27.5372,-1.77,92,82,4.76
212,Paramonga,PE,2021-01-17 03:28:59,-10.6667,-77.8333,70.57,84,99,3.91
213,Makakilo City,US,2021-01-17 03:33:50,21.3469,-158.0858,80.6,65,20,8.05
214,Khani,GE,2021-01-17 03:33:50,41.9563,42.9566,53.6,50,90,23.02
215,Sinjai,ID,2021-01-17 03:33:50,-5.1241,120.253,81.16,78,100,2.8
216,Portales,US,2021-01-17 03:33:50,34.1862,-103.3344,32.0,51,1,1.66
217,Asfi,MA,2021-01-17 03:33:50,32.2994,-9.2372,51.33,76,100,13.67
218,Itarema,BR,2021-01-17 03:33:50,-2.9248,-39.9167,77.72,85,52,10.27
219,Ramygala,LT,2021-01-17 03:33:50,55.5167,24.3,-5.8,77,0,3.44
220,Hasaki,JP,2021-01-17 03:33:50,35.7333,140.8333,44.01,52,75,10.36
221,Mafeteng,LS,2021-01-17 03:33:51,-29.823,27.2374,56.79,62,0,1.97
222,Southbridge,US,2021-01-17 03:32:01,42.0751,-72.0334,35.01,84,70,3.0
223,Valparaiso,CL,2021-01-17 03:29:14,-33.0393,-71.6273,55.4,82,0,5.75
224,Egvekinot,RU,2021-01-17 03:33:51,66.3167,-179.1667,-15.41,86,100,13.33
225,Zemio,CF,2021-01-17 03:33:51,5.0314,25.1361,60.8,43,94,1.97
226,Ust-Maya,RU,2021-01-17 03:33:51,60.4167,134.5333,-34.65,81,100,3.74
227,Talnakh,RU,2021-01-17 03:33:51,69.4865,88.3972,-25.37,68,0,6.76
228,Luanda,AO,2021-01-17 03:33:51,-8.8368,13.2343,77.0,83,40,5.75
229,Hashtrud,IR,2021-01-17 03:33:51,37.4779,47.0508,26.47,93,98,1.36
230,Cochrane,CA,2021-01-17 03:33:51,51.1834,-114.4687,35.6,51,90,6.35
231,Beruwala,LK,2021-01-17 03:33:51,6.4788,79.9828,80.01,77,50,5.82
232,Camacupa,AO,2021-01-17 03:32:45,-12.0167,17.4833,61.47,86,100,2.91
233,Vanavara,RU,2021-01-17 03:33:51,60.34,102.2797,-37.79,80,7,3.56
234,Deputatskiy,RU,2021-01-17 03:33:51,69.3,139.9,-22.36,89,100,2.53
235,Buluang,PH,2021-01-17 03:33:51,13.3068,123.3425,85.73,66,100,6.08
236,Saskylakh,RU,2021-01-17 03:33:52,71.9167,114.0833,-25.51,85,92,7.14
237,Totness,SR,2021-01-17 03:33:52,5.8833,-56.3167,76.53,88,79,11.07
238,Oro Valley,US,2021-01-17 03:33:52,32.3909,-110.9665,64.0,18,7,1.99
239,Tarancon,ES,2021-01-17 03:33:52,40.0085,-3.0073,34.0,93,0,4.61
240,Stornoway,GB,2021-01-17 03:33:52,58.2093,-6.3865,42.01,81,75,14.97
241,Senneterre,CA,2021-01-17 03:33:52,48.3835,-77.2328,26.6,93,90,13.8
242,Barrhead,GB,2021-01-17 03:33:52,55.7992,-4.3929,39.99,87,75,10.36
243,Nanortalik,GL,2021-01-17 03:33:52,60.1432,-45.2371,24.12,94,100,4.97
244,Shasta Lake,US,2021-01-17 03:33:52,40.6804,-122.3708,68.0,30,1,11.5
245,Sao Paulo De Olivenca,BR,2021-01-17 03:33:52,-3.3783,-68.8725,74.03,96,66,1.16
246,Alegrete,BR,2021-01-17 03:30:15,-29.7831,-55.7919,70.79,93,100,6.64
247,Pochutla,MX,2021-01-17 03:33:52,15.7432,-96.4661,75.0,78,5,1.99
248,Ulefoss,NO,2021-01-17 03:33:52,59.2838,9.2646,19.99,91,100,3.31
249,Ribeira Grande,PT,2021-01-17 03:33:52,38.5167,-28.7,62.53,92,100,29.1
250,San Cristobal,VE,2021-01-17 03:33:52,7.7669,-72.225,64.2,88,52,2.66
251,Taoudenni,ML,2021-01-17 03:33:52,22.6783,-3.9836,54.81,35,97,13.58
252,Te Anau,NZ,2021-01-17 03:33:52,-45.4167,167.7167,63.82,45,99,6.4
253,Labuhan,ID,2021-01-17 03:33:53,-6.8844,112.2051,83.21,76,95,9.51
254,Karaton,ID,2021-01-17 03:33:53,-6.3424,106.1045,91.99,74,40,11.5
255,Becerril,CO,2021-01-17 03:33:53,9.7041,-73.2793,76.53,69,4,4.92
256,Longyan,CN,2021-01-17 03:33:53,25.1072,117.0225,59.0,47,81,8.99
257,Naze,JP,2021-01-17 03:33:53,28.3667,129.4833,57.2,62,75,14.97
258,High Level,CA,2021-01-17 03:33:53,58.5169,-117.136,10.4,92,1,2.3
259,Takab,IR,2021-01-17 03:33:53,36.4009,47.1133,29.7,92,99,3.78
260,Mitsamiouli,KM,2021-01-17 03:33:53,-11.3847,43.2844,81.55,75,49,7.38
261,Panaba,MX,2021-01-17 03:33:53,21.2833,-88.2667,60.08,75,100,2.42
262,Sabzevar,IR,2021-01-17 03:33:53,36.2126,57.6819,30.2,59,0,11.5
263,Djambala,CG,2021-01-17 03:33:53,-2.5447,14.7533,66.61,96,35,2.84
264,Novovoronezh,RU,2021-01-17 03:33:53,51.3072,39.2173,3.2,78,75,8.95
265,Jiangkou,CN,2021-01-17 03:33:49,25.4872,119.1986,51.8,46,0,24.61
266,Hovd,MN,2021-01-17 03:33:53,48.0056,91.6419,1.89,79,10,2.57
267,Alekseyevsk,RU,2021-01-17 03:33:53,57.8406,108.3492,-36.54,77,48,0.65
268,Maragogi,BR,2021-01-17 03:33:53,-9.0122,-35.2225,76.33,82,8,7.94
269,Fayaoue,NC,2021-01-17 03:33:53,-20.65,166.5333,80.17,86,100,9.37
270,Fairbanks,US,2021-01-17 03:33:53,64.8378,-147.7164,-4.0,77,1,3.85
271,Brae,GB,2021-01-17 03:33:53,60.3964,-1.353,46.4,87,90,29.93
272,Yerbogachen,RU,2021-01-17 03:33:07,61.2767,108.0108,-43.98,78,54,3.29
273,Aksu,CN,2021-01-17 03:33:54,41.1231,80.2644,19.42,80,0,2.66
274,Sobolevo,RU,2021-01-17 03:33:54,54.4299,31.8996,-2.47,92,100,5.97
275,Faya,SA,2021-01-17 03:33:54,18.3851,42.4509,51.8,71,0,9.22
276,Qiongshan,CN,2021-01-17 03:33:54,20.0058,110.3542,66.2,82,90,17.9
277,Ancud,CL,2021-01-17 03:33:54,-41.8697,-73.8203,53.6,87,90,2.3
278,Krasnoselkup,RU,2021-01-17 03:33:54,65.7,82.4667,-13.13,88,100,20.47
279,Fortuna,US,2021-01-17 03:33:54,40.5982,-124.1573,50.0,100,90,8.05
280,Kununurra,AU,2021-01-17 03:33:54,-15.7667,128.7333,95.0,52,79,6.91
281,Changji,CN,2021-01-17 03:33:54,44.0167,87.3167,-2.2,84,10,4.47
282,Tezu,IN,2021-01-17 03:33:38,27.9167,96.1667,75.78,30,11,3.11
283,Tucumcari,US,2021-01-17 03:29:43,35.1717,-103.725,30.2,59,1,3.02
284,Balikpapan,ID,2021-01-17 03:33:54,-1.2675,116.8289,77.0,88,40,2.3
285,Pisco,PE,2021-01-17 03:33:54,-13.7,-76.2167,68.0,83,0,16.11
286,Goshogawara,JP,2021-01-17 03:33:54,40.8044,140.4414,33.01,74,75,11.5
287,Christchurch,NZ,2021-01-17 03:32:37,-43.5333,172.6333,80.01,29,2,18.41
288,Soderhamn,SE,2021-01-17 03:33:54,61.3037,17.0592,21.0,98,52,1.99
289,Cockburn Town,TC,2021-01-17 03:33:54,21.4612,-71.1419,78.13,72,100,5.77
290,Hobyo,SO,2021-01-17 03:33:54,5.3505,48.5268,76.44,78,48,16.84
291,Bedesa,ET,2021-01-17 03:33:54,8.9,40.7833,56.89,48,74,3.62
292,Ginda,IN,2021-01-17 03:33:55,30.6945,78.4932,59.07,28,0,2.73
293,Shingu,JP,2021-01-17 03:33:55,33.7333,135.9833,50.0,37,40,20.71
294,Edwardsville,US,2021-01-17 03:29:12,38.8114,-89.9532,34.0,93,90,12.66
295,Wattegama,LK,2021-01-17 03:33:55,6.7989,81.4808,77.0,100,75,4.61
296,Khasan,RU,2021-01-17 03:33:55,42.4308,130.6434,16.65,78,44,16.06
297,Olga,RU,2021-01-17 03:33:55,43.7444,135.2892,11.59,71,25,4.38
298,Muscat,OM,2021-01-17 03:33:55,23.6139,58.5922,59.0,88,0,2.3
299,Morgan City,US,2021-01-17 03:33:55,29.6994,-91.2068,41.0,87,1,1.57
300,Pangnirtung,CA,2021-01-17 03:33:23,66.1451,-65.7125,-2.09,88,100,4.74
301,Bulungu,CD,2021-01-17 03:33:55,-4.55,18.6,68.63,95,98,1.57
302,Mizan Teferi,ET,2021-01-17 03:33:55,6.9833,35.5833,65.55,53,97,2.73
303,Klerksdorp,ZA,2021-01-17 03:33:55,-26.8521,26.6667,63.3,48,23,1.57
304,Bantou,CN,2021-01-17 03:33:55,26.2151,117.4893,51.3,63,100,4.03
305,Amurzet,RU,2021-01-17 03:33:55,47.6967,131.0981,-1.21,89,100,5.32
306,Sistranda,NO,2021-01-17 03:33:55,63.7256,8.834,26.6,80,0,18.41
307,Ewa Beach,US,2021-01-17 03:33:55,21.3156,-158.0072,80.6,65,20,8.05
308,Okhotsk,RU,2021-01-17 03:33:55,59.3833,143.3,-13.11,81,32,14.67
309,Pontes E Lacerda,BR,2021-01-17 03:33:55,-15.2261,-59.3353,73.58,88,100,3.56
310,Kaili,ID,2021-01-17 03:33:56,-3.4626,120.2147,76.06,84,96,1.81
311,Ayan,RU,2021-01-17 03:33:56,56.45,138.1667,-12.15,75,0,6.96
312,Kumluca,TR,2021-01-17 03:33:56,36.3703,30.2869,51.85,52,71,11.59
313,Biak,ID,2021-01-17 03:33:56,-0.9131,122.8766,81.05,73,100,1.36
314,Adana,TR,2021-01-17 03:33:56,36.985,35.2881,50.0,93,75,3.44
315,Nelson,NZ,2021-01-17 03:33:56,-41.2833,173.2833,71.01,72,47,3.0
316,Aykhal,RU,2021-01-17 03:33:56,66.0,111.5,-31.52,81,100,5.08
317,Krabi,TH,2021-01-17 03:33:56,8.0726,98.9105,82.4,78,20,6.91
318,Santiago Del Estero,AR,2021-01-17 03:33:56,-27.7951,-64.2615,71.01,86,93,1.99
319,Spring Hill,US,2021-01-17 03:33:56,28.4769,-82.5255,52.0,93,75,6.96
320,Morondava,MG,2021-01-17 03:33:56,-20.2833,44.2833,81.77,78,16,4.63
321,Saint-Pierre,RE,2021-01-17 03:33:56,-21.3393,55.4781,82.4,69,0,4.61
322,San Ramon De La Nueva Oran,AR,2021-01-17 03:33:56,-23.1322,-64.326,70.0,89,100,5.99
323,Najran,SA,2021-01-17 03:33:56,17.4924,44.1277,50.0,43,0,3.36
324,Tutoia,BR,2021-01-17 03:33:56,-2.7619,-42.2744,79.23,82,100,7.38
325,Tromso,NO,2021-01-17 03:33:56,69.6496,18.957,35.6,87,75,8.05
326,Nikko,JP,2021-01-17 03:33:57,36.75,139.6167,43.0,44,100,5.01
327,Nagorsk,RU,2021-01-17 03:33:57,59.3172,50.8078,1.56,92,100,8.88
328,Victoria,HK,2021-01-17 03:33:56,22.2855,114.1577,64.0,53,39,16.53
329,Nabire,ID,2021-01-17 03:33:57,-3.3667,135.4833,81.39,82,100,1.54
330,Hualmay,PE,2021-01-17 03:33:57,-11.0964,-77.6139,70.38,84,100,5.61
331,Mar Del Plata,AR,2021-01-17 03:31:22,-38.0023,-57.5575,64.99,77,90,3.44
332,Chicama,PE,2021-01-17 03:33:57,-7.8447,-79.1469,71.31,79,98,3.58
333,Tabas,IR,2021-01-17 03:33:57,33.5959,56.9244,37.4,35,0,4.61
334,Oskemen,KZ,2021-01-17 03:33:57,49.9565,82.6119,-0.4,65,40,11.18
335,Tottori,JP,2021-01-17 03:33:57,35.5,134.2333,42.8,81,75,26.46
336,Zaykovo,RU,2021-01-17 03:33:57,57.5613,62.7568,7.32,94,46,5.53
337,Salalah,OM,2021-01-17 03:33:57,17.0151,54.0924,64.4,24,0,9.22
338,Alcaniz,ES,2021-01-17 03:33:57,41.05,-0.1333,46.99,28,0,21.0
339,Mogadishu,SO,2021-01-17 03:33:57,2.0371,45.3438,76.06,84,1,19.01
340,Along,IN,2021-01-17 03:33:57,28.1667,94.7667,69.3,45,1,0.56
341,Forbes,AU,2021-01-17 03:33:57,-33.3833,148.0167,82.44,21,13,9.82
342,Providencia,MX,2021-01-17 03:33:57,28.7167,-111.5833,63.0,28,0,5.01
343,Vitim,RU,2021-01-17 03:33:57,59.4511,112.5578,-39.53,76,54,2.35
344,Cherskiy,RU,2021-01-17 03:32:48,68.75,161.3,-21.8,87,100,3.27
345,Sao Jose Da Coroa Grande,BR,2021-01-17 03:33:58,-8.8978,-35.1478,76.66,82,24,8.48
346,Vieira De Leiria,PT,2021-01-17 03:33:58,39.8695,-8.9324,45.0,100,0,1.14
347,Ahipara,NZ,2021-01-17 03:33:58,-35.1667,173.1667,72.54,79,70,13.89
348,Ngunguru,NZ,2021-01-17 03:33:58,-35.6167,174.5,75.99,79,83,5.99
349,Dalvik,IS,2021-01-17 03:33:58,65.9702,-18.5286,32.0,100,20,3.44
350,Concordia,AR,2021-01-17 03:33:58,-31.393,-58.0209,73.99,85,37,7.0
351,Hofn,IS,2021-01-17 03:32:40,64.2539,-15.2082,40.28,71,100,12.33
352,Say,NE,2021-01-17 03:33:58,13.1007,2.3689,69.8,23,0,5.75
353,Oktyabrskiy,RU,2021-01-17 03:33:58,54.4815,53.471,9.99,94,100,16.4
354,Ust-Nera,RU,2021-01-17 03:33:58,64.5667,143.2,-32.66,73,100,4.47
355,Solwezi,ZM,2021-01-17 03:33:58,-12.1688,26.3894,59.31,97,63,4.94
356,Kargasok,RU,2021-01-17 03:33:58,59.0556,80.8572,9.28,94,100,10.87
357,Touros,BR,2021-01-17 03:33:58,-5.1989,-35.4608,78.8,69,40,6.91
358,Klaksvik,FO,2021-01-17 03:33:58,62.2266,-6.589,42.8,87,75,20.71
359,Puerto Del Rosario,ES,2021-01-17 03:33:58,28.5004,-13.8627,62.6,67,75,17.27
360,Vila Velha,BR,2021-01-17 03:33:58,-20.3297,-40.2925,75.2,83,0,3.44
361,Smoky Lake,CA,2021-01-17 03:33:58,54.1169,-112.4686,26.6,68,51,3.44
362,Wajima,JP,2021-01-17 03:33:58,37.4,136.9,32.0,93,75,5.75
363,Plettenberg Bay,ZA,2021-01-17 03:33:58,-34.0527,23.3716,66.54,78,82,6.31
364,San Quintin,MX,2021-01-17 03:33:25,30.4833,-115.95,62.89,43,0,1.12
365,Batemans Bay,AU,2021-01-17 03:33:58,-35.7167,150.1833,77.0,51,0,3.0
366,Usinsk,RU,2021-01-17 03:33:59,65.9939,57.5281,-15.93,89,80,8.28
367,Sakyla,FI,2021-01-17 03:33:59,61.0333,22.3333,17.6,100,90,4.61
368,Mpika,ZM,2021-01-17 03:33:59,-11.8343,31.4529,60.66,97,100,6.08
369,Kikwit,CD,2021-01-17 03:33:59,-5.041,18.8162,68.99,94,99,0.98
370,Killybegs,IE,2021-01-17 03:33:59,54.6333,-8.45,37.0,94,48,1.99
371,Markova,UA,2021-01-17 03:33:59,48.6758,24.4138,12.97,89,19,5.57
372,Vereeniging,ZA,2021-01-17 03:30:36,-26.6731,27.9261,64.0,71,76,1.01
373,Lakhipur,IN,2021-01-17 03:33:59,26.0299,90.3041,68.52,44,0,5.23
374,Ilulissat,GL,2021-01-17 03:33:59,69.2167,-51.1,17.6,41,2,13.8
375,Kedougou,SN,2021-01-17 03:33:59,12.5579,-12.1743,66.4,23,26,3.53
376,Westport,US,2021-01-17 03:32:28,41.1415,-73.3579,37.4,65,1,6.91
377,Castro,BR,2021-01-17 03:33:59,-24.7911,-50.0119,65.73,96,100,7.67
378,Norman Wells,CA,2021-01-17 03:33:59,65.282,-126.8329,-13.0,77,1,3.44
379,Wolow,PL,2021-01-17 03:33:59,51.3366,16.6443,21.2,79,75,8.05
380,Rudbar,AF,2021-01-17 03:33:59,30.15,62.6,50.65,40,0,3.4
381,Luau,AO,2021-01-17 03:34:00,-10.7073,22.2247,61.54,99,98,2.33
382,Taltal,CL,2021-01-17 03:34:00,-25.4,-70.4833,63.27,75,6,0.72
383,Graaff-Reinet,ZA,2021-01-17 03:34:00,-32.2522,24.5308,63.14,56,0,2.98
384,Kentau,KZ,2021-01-17 03:34:00,43.5206,68.5094,39.4,66,1,4.9
385,Nelson Bay,AU,2021-01-17 03:29:14,-32.7167,152.15,78.01,41,27,18.41
386,Acari,PE,2021-01-17 03:34:00,-15.4311,-74.6158,71.96,71,61,1.99
387,Ballesteros,PH,2021-01-17 03:34:00,18.4126,121.5152,73.45,86,100,23.04
388,Ternate,ID,2021-01-17 03:34:00,0.8,127.4,81.93,74,100,7.18
389,Aklavik,CA,2021-01-17 03:34:00,68.2191,-135.0107,-9.4,77,65,5.75
390,Thompson,CA,2021-01-17 03:30:09,55.7435,-97.8558,3.2,85,90,13.8
391,Aleksandrovskiy Zavod,RU,2021-01-17 03:34:00,50.9237,117.9374,-10.28,84,91,6.49
392,Calvinia,ZA,2021-01-17 03:34:00,-31.4707,19.776,57.07,74,0,1.48
393,Beloha,MG,2021-01-17 03:34:00,-25.1667,45.05,81.34,59,34,4.38
394,Butte,US,2021-01-17 03:34:01,39.6499,-121.5677,59.0,67,1,7.2
395,Abu Kamal,SY,2021-01-17 03:34:01,34.4506,40.9171,50.38,63,2,9.15
396,Sigayevo,RU,2021-01-17 03:34:01,56.4216,53.7757,9.0,89,100,14.14
397,Chaoyang,CN,2021-01-17 03:34:01,41.5703,120.4586,17.94,67,7,13.58
398,Awjilah,LY,2021-01-17 03:34:01,29.1081,21.2869,48.78,64,0,12.46
399,Mabaruma,GY,2021-01-17 03:34:01,8.2,-59.7833,71.96,98,79,2.75
400,Kemin,KG,2021-01-17 03:34:01,42.7846,75.6892,38.14,63,1,3.98
401,Northam,GB,2021-01-17 03:34:01,51.0333,-4.2167,46.0,81,65,8.99
402,Adrar,MR,2021-01-17 03:32:26,20.5022,-10.0711,55.67,30,100,13.22
403,Manacor,ES,2021-01-17 03:34:01,39.5696,3.2096,46.99,93,0,2.3
404,Gryazovets,RU,2021-01-17 03:34:01,58.88,40.2525,-13.7,90,96,6.58
405,Vilhena,BR,2021-01-17 03:34:01,-12.7406,-60.1458,70.97,98,100,3.33
406,Sao Miguel Do Tapuio,BR,2021-01-17 03:34:02,-5.5036,-41.3233,75.34,75,99,0.65
407,Ugoofaaru,MV,2021-01-17 03:33:18,5.6667,73.0,81.23,77,48,10.51
408,Andenes,NO,2021-01-17 03:34:02,69.3143,16.1194,34.0,93,90,9.22
409,Vao,NC,2021-01-17 03:34:02,-22.6667,167.4833,78.35,86,100,13.89
410,Cogealac,RO,2021-01-17 03:34:02,44.55,28.5667,18.0,62,0,18.41
411,Toora-Khem,RU,2021-01-17 03:34:02,52.4675,96.11,1.92,87,74,2.28
412,Paragominas,BR,2021-01-17 03:34:02,-2.9667,-47.4833,71.56,95,100,2.28
413,Madison,US,2021-01-17 03:34:02,34.7334,-86.5667,39.0,70,90,4.45
414,Leshukonskoye,RU,2021-01-17 03:34:02,64.8989,45.7622,-13.09,86,19,3.24
415,Provideniya,RU,2021-01-17 03:34:02,64.3833,-173.3,-0.4,65,75,13.42
416,Awbari,LY,2021-01-17 03:34:02,26.5921,12.7805,43.72,57,0,9.13
417,Metsavan,AM,2021-01-17 03:34:02,41.2016,44.2288,19.4,79,20,4.61
418,Port Lincoln,AU,2021-01-17 03:34:02,-34.7333,135.8667,65.41,66,95,12.41
419,Talara,PE,2021-01-17 03:30:15,-4.5772,-81.2719,72.57,81,98,13.4
420,Vryburg,ZA,2021-01-17 03:34:02,-26.9566,24.7284,64.22,35,13,4.47
421,Morehead,US,2021-01-17 03:34:02,37.2711,-87.1764,37.4,70,90,3.44
422,Reconquista,AR,2021-01-17 03:34:02,-29.15,-59.65,71.37,90,33,3.78
423,Port Washington,US,2021-01-17 03:34:03,40.8257,-73.6982,41.0,52,20,16.11
424,Nouadhibou,MR,2021-01-17 03:34:03,20.931,-17.0347,60.8,33,77,14.97
425,Illintsi,UA,2021-01-17 03:34:03,49.1048,29.2177,5.86,93,21,1.77
426,Bethel,US,2021-01-17 03:34:03,41.3712,-73.414,34.0,69,1,11.5
427,Tocopilla,CL,2021-01-17 03:30:24,-22.092,-70.1979,66.51,54,74,1.61
428,Gloversville,US,2021-01-17 03:34:03,43.0528,-74.3438,33.01,100,90,18.41
429,Gushikawa,JP,2021-01-17 03:34:03,26.3544,127.8686,60.8,63,90,16.11
430,Bereda,ES,2021-01-17 03:34:03,43.2686,-7.5406,34.0,83,3,1.01
431,Xinqing,CN,2021-01-17 03:34:03,48.2333,129.5,-2.27,86,98,5.08
432,Aqtobe,KZ,2021-01-17 03:34:03,50.2797,57.2072,15.8,92,90,15.66
433,Grand Gaube,MU,2021-01-17 03:34:03,-20.0064,57.6608,82.99,75,100,8.01
434,Road Town,VG,2021-01-17 03:34:03,18.4167,-64.6167,75.99,86,16,8.99
435,Muroto,JP,2021-01-17 03:34:03,33.2833,134.15,50.0,40,75,14.97
436,Songjianghe,CN,2021-01-17 03:34:03,42.1859,127.479,5.5,83,62,10.04
437,Praia,CV,2021-01-17 03:34:03,14.9215,-23.5087,69.8,78,75,18.41
438,Thabazimbi,ZA,2021-01-17 03:34:03,-24.5917,27.4116,69.01,96,82,2.57
439,Shimoda,JP,2021-01-17 03:34:04,34.6667,138.95,48.2,66,75,6.91
440,San Julian,MX,2021-01-17 03:34:04,21.0167,-102.1667,58.32,37,82,5.55
441,Jiuquan,CN,2021-01-17 03:34:04,39.7432,98.5174,25.7,64,0,1.36
442,Boda,CF,2021-01-17 03:34:04,4.3189,17.4695,68.56,42,20,1.9
443,Tilichiki,RU,2021-01-17 03:32:29,60.4667,166.1,-23.4,85,3,10.65
444,Kastamonu,TR,2021-01-17 03:32:24,41.5,33.6667,25.0,96,100,6.11
445,Broome,US,2021-01-17 03:34:04,42.2506,-75.833,32.0,86,1,11.5
446,Moron,AR,2021-01-17 03:34:04,-34.6534,-58.6198,66.0,97,13,4.0
447,Namatanai,PG,2021-01-17 03:34:04,-3.6667,152.4333,85.06,67,49,14.03
448,Mercedes,AR,2021-01-17 03:34:04,-34.6515,-59.4307,64.99,91,61,1.99
449,Skjervoy,NO,2021-01-17 03:32:02,70.0311,20.9714,36.75,91,100,16.87
450,Ust-Koksa,RU,2021-01-17 03:34:04,50.2696,85.6108,23.04,78,100,1.05
451,La Rioja,ES,2021-01-17 03:34:04,42.25,-2.5,37.4,70,0,9.22
452,Sao Joao Da Barra,BR,2021-01-17 03:34:04,-21.6403,-41.0511,75.15,86,8,15.48
453,Plerin,FR,2021-01-17 03:34:04,48.5425,-2.7798,44.01,17,91,14.85
454,Richards Bay,ZA,2021-01-17 03:34:04,-28.783,32.0377,70.57,86,14,7.65
455,Lagos,NG,2021-01-17 03:34:04,6.5833,3.75,78.22,84,68,3.85
456,Almaznyy,RU,2021-01-17 03:34:05,48.0448,40.045,8.6,85,0,4.47
457,Cagliliog,PH,2021-01-17 03:34:05,13.9016,123.2913,80.46,83,100,12.48
458,Laurel,US,2021-01-17 03:31:21,39.0993,-76.8483,37.99,69,1,12.66
459,Palu,ID,2021-01-17 03:34:05,-0.8917,119.8707,85.51,57,100,6.02
460,Poum,NC,2021-01-17 03:34:05,-20.2333,164.0167,82.87,81,100,12.88
461,Wad Madani,SD,2021-01-17 03:33:08,14.4012,33.5199,64.35,36,66,10.31
462,Tulsipur,NP,2021-01-17 03:34:05,28.131,82.2973,61.97,51,0,4.34
463,Haines Junction,CA,2021-01-17 03:34:05,60.7522,-137.5108,21.2,93,93,1.14
464,Nemuro,JP,2021-01-17 03:34:05,43.3236,145.575,21.2,58,75,3.44
465,Bonavista,CA,2021-01-17 03:34:05,48.6499,-53.1147,32.0,93,95,6.91
466,Jutai,BR,2021-01-17 03:33:51,-5.1833,-68.9,74.61,93,96,1.99
467,Avera,US,2021-01-17 03:34:05,33.194,-82.5271,33.8,75,1,7.7
468,Shanhetun,CN,2021-01-17 03:34:05,44.7,127.2,2.48,90,100,16.6
469,Sabha,LY,2021-01-17 03:34:05,27.0377,14.4283,43.23,56,0,6.89
470,Koungheul,SN,2021-01-17 03:34:05,13.9833,-14.8,70.07,20,28,9.71
471,Auki,SB,2021-01-17 03:34:05,-8.7676,160.7034,85.3,69,88,3.18
472,Olafsvik,IS,2021-01-17 03:34:05,64.8945,-23.7142,35.69,94,100,16.4
473,Grimmen,DE,2021-01-17 03:34:05,54.1121,13.0405,30.0,93,75,1.14
474,College,US,2021-01-17 03:34:05,64.8569,-147.8028,-4.0,77,75,5.75
475,Paramirim,BR,2021-01-17 03:34:06,-13.4425,-42.2389,67.93,87,96,4.99
476,Tharad,IN,2021-01-17 03:34:06,24.3961,71.6267,71.65,37,0,5.59
477,Martaban,MM,2021-01-17 03:34:06,16.5314,97.6111,80.91,47,0,4.68
478,Acheng,CN,2021-01-17 03:34:06,45.5454,126.977,-0.4,71,0,13.42
479,Tazovskiy,RU,2021-01-17 03:34:06,67.4667,78.7,-16.02,88,100,17.98
480,Caraballeda,VE,2021-01-17 03:32:16,10.6112,-66.8522,78.8,89,40,9.22
481,Rock Springs,US,2021-01-17 03:34:06,41.5875,-109.2029,28.4,64,20,20.71
482,Karangasem,ID,2021-01-17 03:34:06,-8.45,115.6167,84.2,74,20,10.36
483,Buren,DE,2021-01-17 03:34:06,51.55,8.5667,28.99,89,100,1.01
484,Ust-Ilimsk,RU,2021-01-17 03:34:06,58.0006,102.6619,-26.52,79,70,4.23
485,Ixtapa,MX,2021-01-17 03:34:06,20.7,-105.2,66.2,94,90,2.62
486,Poya,NC,2021-01-17 03:34:06,-21.35,165.15,82.53,79,100,9.51
487,Maxixe,MZ,2021-01-17 03:34:06,-23.8597,35.3472,78.71,90,98,5.97
488,Ipaba,BR,2021-01-17 03:34:06,-19.4136,-42.4194,68.05,93,81,2.33
489,Kijang,KR,2021-01-17 03:34:06,35.2442,129.2139,35.6,15,0,16.11
490,Waingapu,ID,2021-01-17 03:34:06,-9.6567,120.2641,85.5,65,100,4.25
491,Zhengjiatun,CN,2021-01-17 03:34:06,43.5064,123.5064,6.33,87,54,11.16
492,Vrangel,RU,2021-01-17 03:34:06,42.7297,133.0839,13.35,75,1,12.84
493,Mutis,CO,2021-01-17 03:34:07,6.2262,-77.4044,76.91,82,98,5.19
494,Olinda,BR,2021-01-17 03:34:07,-8.0089,-34.8553,78.8,69,75,9.22
495,Sysert,RU,2021-01-17 03:34:07,56.4953,60.8192,14.0,85,40,8.95
496,Margate,GB,2021-01-17 03:34:07,51.3813,1.3862,43.0,81,100,4.0
497,Sao Felix Do Xingu,BR,2021-01-17 03:34:07,-6.6447,-51.995,69.78,94,100,1.79
498,Kletskaya,RU,2021-01-17 03:34:07,49.3145,43.0584,1.0,87,56,5.97
499,Sumbe,AO,2021-01-17 03:34:07,-11.2061,13.8437,72.95,84,99,6.62
500,Constantine,DZ,2021-01-17 03:34:07,36.365,6.6147,39.2,81,75,8.05
501,Gat,IL,2021-01-17 03:34:07,31.61,34.7642,53.01,58,0,1.99
502,Dawlatabad,AF,2021-01-17 03:34:07,36.4141,64.9053,41.22,66,0,1.57
503,La Asuncion,VE,2021-01-17 03:34:07,11.0333,-63.8628,76.05,87,14,14.72
504,Yumen,CN,2021-01-17 03:34:07,40.2833,97.2,27.81,69,0,29.71
505,Cam Ranh,VN,2021-01-17 03:34:07,11.9214,109.1591,80.6,57,20,18.41
506,Nakhon Thai,TH,2021-01-17 03:34:07,17.1006,100.8374,84.0,50,0,8.05
507,Port Hardy,CA,2021-01-17 03:33:04,50.6996,-127.4199,46.4,87,90,5.75
508,Moa,CU,2021-01-17 03:34:07,20.6569,-74.9403,74.34,71,99,2.98
509,Pitea,SE,2021-01-17 03:34:07,65.3172,21.4794,5.0,92,0,4.61
510,Havelock,US,2021-01-17 03:32:11,34.8791,-76.9013,44.01,70,1,13.8
511,Goderich,CA,2021-01-17 03:34:07,43.7501,-81.7165,33.8,80,98,13.8
512,Kenitra,MA,2021-01-17 03:34:07,34.261,-6.5802,42.8,100,0,4.23
513,Karratha,AU,2021-01-17 03:34:07,-20.7377,116.8463,102.02,26,48,16.53
514,Ponta Delgada,PT,2021-01-17 03:34:08,37.7333,-25.6667,62.01,94,75,13.8
515,Nioro,GM,2021-01-17 03:34:08,13.35,-15.75,68.97,21,88,4.38
516,Roma,US,2021-01-17 03:33:23,43.2128,-75.4557,35.01,75,90,13.8
517,Korla,CN,2021-01-17 03:34:08,41.7597,86.1469,19.26,79,0,7.18
518,Skibbereen,IE,2021-01-17 03:34:08,51.55,-9.2667,39.2,87,20,11.5
519,Sola,VU,2021-01-17 03:34:08,-13.8833,167.55,89.6,74,40,2.3
520,Uyuni,BO,2021-01-17 03:34:08,-20.4597,-66.825,57.36,51,95,5.39
521,Tahta,EG,2021-01-17 03:34:08,26.7693,31.5021,48.2,57,0,5.75
522,Alekseyevka,RU,2021-01-17 03:34:08,50.6309,38.6903,-1.79,91,1,7.16
523,Bridlington,GB,2021-01-17 03:34:08,54.0831,-0.1919,37.99,85,87,3.0
524,Zhiryatino,RU,2021-01-17 03:34:08,53.2228,33.7306,1.4,78,90,6.71
525,Goreloye,RU,2021-01-17 03:34:08,52.937,41.5043,-3.12,92,77,5.41
526,Niimi,JP,2021-01-17 03:34:08,34.9833,133.4667,45.0,49,75,12.66
527,Mehamn,NO,2021-01-17 03:34:08,71.0357,27.8492,34.65,91,99,19.42
528,Joshimath,IN,2021-01-17 03:34:08,30.5667,79.5667,60.3,24,0,0.94
529,Lakeside,US,2021-01-17 03:34:08,30.13,-81.7682,44.6,61,1,4.61
530,Bukama,CD,2021-01-17 03:34:08,-9.2,25.85,66.13,96,66,0.96
531,Porangatu,BR,2021-01-17 03:34:08,-13.4408,-49.1486,70.36,95,99,0.43
532,Two Rivers,US,2021-01-17 03:34:08,44.1539,-87.5693,33.01,80,90,8.05
533,Pravia,ES,2021-01-17 03:34:08,43.4906,-6.1508,51.01,75,0,10.36
534,Firminy,FR,2021-01-17 03:34:09,45.3873,4.2907,34.0,93,90,1.14
535,Buraydah,SA,2021-01-17 03:34:09,26.326,43.975,51.8,93,0,4.61
536,Dhidhdhoo,MV,2021-01-17 03:34:09,6.8833,73.1,81.34,76,70,9.75
537,Waipawa,NZ,2021-01-17 03:34:09,-41.4122,175.5153,69.8,83,75,24.16
538,Bilibino,RU,2021-01-17 03:34:09,68.0546,166.4372,-16.37,85,95,1.1
539,Arawa,PG,2021-01-17 03:34:09,-6.2132,155.5367,87.21,59,100,6.78
540,Mildura,AU,2021-01-17 03:34:09,-34.2,142.15,75.99,33,0,9.22
541,Starup,DK,2021-01-17 03:34:09,55.241,9.535,30.2,93,75,4.61
542,Pacific Grove,US,2021-01-17 03:32:40,36.6177,-121.9166,53.6,93,40,4.61
543,Belmonte,BR,2021-01-17 03:34:09,-15.8631,-38.8828,77.0,78,20,6.91
544,Tiznit,MA,2021-01-17 03:32:39,29.5833,-9.5,52.11,44,0,4.85
545,Yaan,NG,2021-01-17 03:34:09,7.3833,8.5667,71.1,78,63,3.0
546,Hove,GB,2021-01-17 03:30:06,50.8309,-0.1672,44.01,98,100,1.99
547,Bowen,AU,2021-01-17 03:34:09,-20.0167,148.2333,86.0,66,99,16.11
548,Laguna,US,2021-01-17 03:32:28,38.421,-121.4238,57.0,67,1,3.44
549,Sur,OM,2021-01-17 03:34:09,22.5667,59.5289,69.12,54,0,2.91
550,Los Zacatones,MX,2021-01-17 03:34:09,22.95,-102.05,55.4,35,1,11.5
551,Trunovskoye,RU,2021-01-17 03:34:09,45.4878,42.1358,26.6,93,90,22.37
552,Nishihara,JP,2021-01-17 03:34:10,26.1842,127.7558,60.8,54,90,13.8
553,Bykovo,RU,2021-01-17 03:34:10,55.6361,38.0803,1.4,71,90,11.18
554,Juliaca,PE,2021-01-17 03:34:10,-15.5,-70.1333,45.14,81,100,2.55
555,Peterhead,GB,2021-01-17 03:34:10,57.5058,-1.7981,39.2,70,9,9.22
556,Ibatiba,BR,2021-01-17 03:34:10,-20.2339,-41.5106,61.07,96,54,2.86
557,Russkaya Polyana,UA,2021-01-17 03:34:10,49.417,31.9201,6.37,91,44,4.29
558,Naryan-Mar,RU,2021-01-17 03:34:10,67.6713,53.087,-5.62,84,100,1.72
559,Fort Nelson,CA,2021-01-17 03:34:10,58.8053,-122.7002,14.0,92,40,3.44
560,Ginir,ET,2021-01-17 03:34:10,7.1333,40.7,54.81,49,52,2.66
561,Kourou,GF,2021-01-17 03:30:09,5.1552,-52.6478,80.6,78,90,5.75
562,Kutum,SD,2021-01-17 03:34:10,14.2,24.6667,48.43,44,0,4.45
563,Calatayud,ES,2021-01-17 03:34:10,41.3535,-1.6432,44.6,53,0,5.75
564,Carballo,ES,2021-01-17 03:34:10,43.213,-8.691,48.99,95,64,1.01
565,Mbandaka,CD,2021-01-17 03:34:10,0.0487,18.2603,71.02,90,23,1.59
566,Gohana,IN,2021-01-17 03:34:10,29.1333,76.7,54.88,47,0,6.42
567,Mount Isa,AU,2021-01-17 03:34:10,-20.7333,139.5,98.6,14,1,8.05
568,Campbell River,CA,2021-01-17 03:30:23,50.0163,-125.2446,44.01,100,90,14.97
569,Tessalit,ML,2021-01-17 03:34:10,20.1986,1.0114,52.61,32,77,12.08
